baseline_commit,container,stable_locator,surface,token,classification,disposition,new_value,context_sha256
410e8b46e8f50b9dbfc8d2c37358818722c9b9c2,CHANGELOG.md,CHANGELOG.md:L13#token-1,repository-text,R-06,historical-provenance,update-current-state-documentation,post-state wording,418c6e25ef27a938413976e66fc721c1043fe9b84d3fcda6b6b344b7c0083a8c
410e8b46e8f50b9dbfc8d2c37358818722c9b9c2,CHANGELOG.md,CHANGELOG.md:L13#token-2,repository-text,R-07,historical-provenance,update-current-state-documentation,post-state wording,418c6e25ef27a938413976e66fc721c1043fe9b84d3fcda6b6b344b7c0083a8c
410e8b46e8f50b9dbfc8d2c37358818722c9b9c2,CHANGELOG.md,CHANGELOG.md:L13#token-3,repository-text,R-10,historical-provenance,update-current-state-documentation,post-state wording,418c6e25ef27a938413976e66fc721c1043fe9b84d3fcda6b6b344b7c0083a8c
410e8b46e8f50b9dbfc8d2c37358818722c9b9c2,CHANGELOG.md,CHANGELOG.md:L43#token-1,repository-text,R-06,competing-hypotheses,update-current-state-documentation,post-state wording,fea48fdee0787d9649996ed9da2fdc03e78cb2cc5ad2e9a4f6c938085198cd0c
410e8b46e8f50b9dbfc8d2c37358818722c9b9c2,CHANGELOG.md,CHANGELOG.md:L43#token-2,repository-text,R-07,competing-hypotheses,update-current-state-documentation,post-state wording,fea48fdee0787d9649996ed9da2fdc03e78cb2cc5ad2e9a4f6c938085198cd0c
410e8b46e8f50b9dbfc8d2c37358818722c9b9c2,CHANGELOG.md,CHANGELOG.md:L44#token-1,repository-text,R-07,source-of-truth,update-current-state-documentation,post-state wording,e48b354770f1f0adb88a3ac8744c94264cdc5dc1b75bb785114c763bef20d4e0
410e8b46e8f50b9dbfc8d2c37358818722c9b9c2,CHANGELOG.md,CHANGELOG.md:L44#token-2,repository-text,R-10,source-of-truth,update-current-state-documentation,post-state wording,e48b354770f1f0adb88a3ac8744c94264cdc5dc1b75bb785114c763bef20d4e0
410e8b46e8f50b9dbfc8d2c37358818722c9b9c2,CHANGELOG.md,CHANGELOG.md:L45#token-1,repository-text,R-10,historical-provenance,update-current-state-documentation,post-state wording,ef4c153eaabc72194c36fb97f88d564b28ba095e296ae3d120b3d1202673043f
410e8b46e8f50b9dbfc8d2c37358818722c9b9c2,README.md,README.md:L21#token-1,repository-text,R-06,source-of-truth,update-current-state-documentation,post-state wording,fd1156196522c884f151d23668fa8c6e9d6f0f818ebd13b5728aa6e283c056c1
410e8b46e8f50b9dbfc8d2c37358818722c9b9c2,README.md,README.md:L21#token-2,repository-text,R-07,source-of-truth,update-current-state-documentation,post-state wording,472989f33dba9de2e28778656dadf4556849fd7d11f2257467ac455ed9b13f21
410e8b46e8f50b9dbfc8d2c37358818722c9b9c2,README.md,README.md:L21#token-3,repository-text,R-07,source-of-truth,update-current-state-documentation,post-state wording,129ef61f1c77eb1207d398b1b1d7793921d7c0c32bcbce7799d72d2ce881c00e
410e8b46e8f50b9dbfc8d2c37358818722c9b9c2,README.md,README.md:L21#token-4,repository-text,R-10,source-of-truth,update-current-state-documentation,post-state wording,660e03aa1e8a658e890b303a8d78634f4a40c282ac45e6bd8e0d311b4b955249
410e8b46e8f50b9dbfc8d2c37358818722c9b9c2,README.md,README.md:L21#token-5,repository-text,R-10,source-of-truth,update-current-state-documentation,post-state wording,21ce11e10f5a76042a71bf9628e53e4440c48b622ae797e1c2b11bc17c73a54d
410e8b46e8f50b9dbfc8d2c37358818722c9b9c2,README.md,README.md:L38#token-1,repository-text,R-06,historical-provenance,update-current-state-documentation,post-state wording,83dc322afc3e2635c68946251973b78fb8bccbbed3562fa5ed019457431959c4
410e8b46e8f50b9dbfc8d2c37358818722c9b9c2,README.md,README.md:L38#token-2,repository-text,R-07,historical-provenance,update-current-state-documentation,post-state wording,83dc322afc3e2635c68946251973b78fb8bccbbed3562fa5ed019457431959c4
410e8b46e8f50b9dbfc8d2c37358818722c9b9c2,README.md,README.md:L38#token-3,repository-text,R-10,historical-provenance,update-current-state-documentation,post-state wording,83dc322afc3e2635c68946251973b78fb8bccbbed3562fa5ed019457431959c4
410e8b46e8f50b9dbfc8d2c37358818722c9b9c2,README.md,README.md:L80#token-1,repository-text,R-06,historical-provenance,update-current-state-documentation,post-state wording,6b511bee96f31679b2e1ce423345256c8dda53d89c7c06f43458c962f4620f2c
410e8b46e8f50b9dbfc8d2c37358818722c9b9c2,README.md,README.md:L80#token-2,repository-text,R-07,historical-provenance,update-current-state-documentation,post-state wording,725323cbe184aec4dbc023ce330116eef0f3d2252e0effb858f30a4e6deff34d
410e8b46e8f50b9dbfc8d2c37358818722c9b9c2,README.md,README.md:L80#token-3,repository-text,R-10,historical-provenance,update-current-state-documentation,post-state wording,f63d546e755098a5b93a62a87929625b6428bf6038544f784b5f81c1cf16e2e7
410e8b46e8f50b9dbfc8d2c37358818722c9b9c2,docs/EDITORIAL_LINEAGE_DECISION_2026-08-06.md,docs/EDITORIAL_LINEAGE_DECISION_2026-08-06.md:L7#token-1,repository-text,R-06,historical-provenance,preserve-sha-bound-record,preserve,5c121b0fec7186208ab8668c7b60503bbefdd19bad7199a50c8ce64b52ecbc4b
410e8b46e8f50b9dbfc8d2c37358818722c9b9c2,docs/EDITORIAL_LINEAGE_DECISION_2026-08-06.md,docs/EDITORIAL_LINEAGE_DECISION_2026-08-06.md:L7#token-2,repository-text,R-07,historical-provenance,preserve-sha-bound-record,preserve,5c121b0fec7186208ab8668c7b60503bbefdd19bad7199a50c8ce64b52ecbc4b
410e8b46e8f50b9dbfc8d2c37358818722c9b9c2,docs/EDITORIAL_LINEAGE_DECISION_2026-08-06.md,docs/EDITORIAL_LINEAGE_DECISION_2026-08-06.md:L7#token-3,repository-text,R-10,historical-provenance,preserve-sha-bound-record,preserve,5c121b0fec7186208ab8668c7b60503bbefdd19bad7199a50c8ce64b52ecbc4b
410e8b46e8f50b9dbfc8d2c37358818722c9b9c2,docs/EDITORIAL_LINEAGE_DECISION_2026-08-06.md,docs/EDITORIAL_LINEAGE_DECISION_2026-08-06.md:L42#token-1,repository-text,R-10,historical-provenance,preserve-sha-bound-record,preserve,d2abe5907ec56aea976b4deecf2a9ea2b7cc93e318821d57b8467b3573363c5a
410e8b46e8f50b9dbfc8d2c37358818722c9b9c2,docs/EDITORIAL_LINEAGE_DECISION_2026-08-06.md,docs/EDITORIAL_LINEAGE_DECISION_2026-08-06.md:L44#token-1,repository-text,R-07,historical-provenance,preserve-sha-bound-record,preserve,67c78da363c1142fc1b38328321813b91f04ec6000e88014057dd9806d1c791d
410e8b46e8f50b9dbfc8d2c37358818722c9b9c2,docs/EDITORIAL_LINEAGE_DECISION_2026-08-06.md,docs/EDITORIAL_LINEAGE_DECISION_2026-08-06.md:L45#token-1,repository-text,R-10,historical-provenance,preserve-sha-bound-record,preserve,8d5c292cb4f03c788537e0686c1b67147dfb9284d37def1714ec0a456899600b
410e8b46e8f50b9dbfc8d2c37358818722c9b9c2,docs/EDITORIAL_LINEAGE_DECISION_2026-08-06.md,docs/EDITORIAL_LINEAGE_DECISION_2026-08-06.md:L46#token-1,repository-text,R-06,historical-provenance,preserve-sha-bound-record,preserve,36bbac6695455e98d16e9ad51c0fca1a6fc4bf6f0f6534f26b5cccdb8e76d2dc
410e8b46e8f50b9dbfc8d2c37358818722c9b9c2,docs/EDITORIAL_LINEAGE_DECISION_2026-08-06.md,docs/EDITORIAL_LINEAGE_DECISION_2026-08-06.md:L47#token-1,repository-text,R-07,historical-provenance,preserve-sha-bound-record,preserve,a9cc31f454abb70722a622e1574d989f5dbbb37daa6e6c22ae8506e7371ad15c
410e8b46e8f50b9dbfc8d2c37358818722c9b9c2,docs/EDITORIAL_LINEAGE_DECISION_2026-08-06.md,docs/EDITORIAL_LINEAGE_DECISION_2026-08-06.md:L49#token-1,repository-text,R-10,historical-provenance,preserve-sha-bound-record,preserve,1289ca730b5da80ed6895999512e16d964045d30dae0deca882bd418de1ab219
410e8b46e8f50b9dbfc8d2c37358818722c9b9c2,docs/EDITORIAL_LINEAGE_DECISION_2026-08-06.md,docs/EDITORIAL_LINEAGE_DECISION_2026-08-06.md:L51#token-1,repository-text,R-06,historical-provenance,preserve-sha-bound-record,preserve,4c52d50bb082e2d2fe34e816079fc5e849290cfb96c8e8ca77b901ab14a9d564
410e8b46e8f50b9dbfc8d2c37358818722c9b9c2,docs/EDITORIAL_LINEAGE_DECISION_2026-08-06.md,docs/EDITORIAL_LINEAGE_DECISION_2026-08-06.md:L51#token-2,repository-text,R-07,historical-provenance,preserve-sha-bound-record,preserve,57bb2ec1329022a69809a13021713226ed578cab17b41a2ce450c263bf06a8f1
410e8b46e8f50b9dbfc8d2c37358818722c9b9c2,docs/EDITORIAL_LINEAGE_DECISION_2026-08-06.md,docs/EDITORIAL_LINEAGE_DECISION_2026-08-06.md:L51#token-3,repository-text,R-10,historical-provenance,preserve-sha-bound-record,preserve,2e428f36b2c6abe3e3e01bdd609936981d00fa12515a0927268ec78a70fd133c
410e8b46e8f50b9dbfc8d2c37358818722c9b9c2,docs/EDITORIAL_LINEAGE_DECISION_2026-08-06.md,docs/EDITORIAL_LINEAGE_DECISION_2026-08-06.md:L57#token-1,repository-text,R-06,historical-provenance,preserve-sha-bound-record,preserve,816434d252d1b38b869476718cf4cb1393e57db442aed825344ce7619a077a57
410e8b46e8f50b9dbfc8d2c37358818722c9b9c2,docs/EDITORIAL_LINEAGE_DECISION_2026-08-06.md,docs/EDITORIAL_LINEAGE_DECISION_2026-08-06.md:L57#token-2,repository-text,R-07,historical-provenance,preserve-sha-bound-record,preserve,816434d252d1b38b869476718cf4cb1393e57db442aed825344ce7619a077a57
410e8b46e8f50b9dbfc8d2c37358818722c9b9c2,docs/EDITORIAL_LINEAGE_DECISION_2026-08-06.md,docs/EDITORIAL_LINEAGE_DECISION_2026-08-06.md:L58#token-1,repository-text,R-07,historical-provenance,preserve-sha-bound-record,preserve,49affabacbbf48bb6445109619566ae479b88201c9f731f0b60df776cad5dc8e
410e8b46e8f50b9dbfc8d2c37358818722c9b9c2,docs/EDITORIAL_LINEAGE_DECISION_2026-08-06.md,docs/EDITORIAL_LINEAGE_DECISION_2026-08-06.md:L58#token-2,repository-text,R-10,historical-provenance,preserve-sha-bound-record,preserve,49affabacbbf48bb6445109619566ae479b88201c9f731f0b60df776cad5dc8e
410e8b46e8f50b9dbfc8d2c37358818722c9b9c2,docs/EDITORIAL_LINEAGE_DECISION_2026-08-06.md,docs/EDITORIAL_LINEAGE_DECISION_2026-08-06.md:L60#token-1,repository-text,R-10,historical-provenance,preserve-sha-bound-record,preserve,2160b27c350c3cc8c29cb1453d278be4735a2d379886f03e69ce91dc737c8f69
410e8b46e8f50b9dbfc8d2c37358818722c9b9c2,docs/EDITORIAL_LINEAGE_DECISION_2026-08-06.md,docs/EDITORIAL_LINEAGE_DECISION_2026-08-06.md:L62#token-1,repository-text,R-07,historical-provenance,preserve-sha-bound-record,preserve,61137e5822916595d11572b511f3a97daa920b249bc879f62ea7c3886022cacf
410e8b46e8f50b9dbfc8d2c37358818722c9b9c2,docs/EDITORIAL_LINEAGE_DECISION_2026-08-06.md,docs/EDITORIAL_LINEAGE_DECISION_2026-08-06.md:L62#token-2,repository-text,R-10,historical-provenance,preserve-sha-bound-record,preserve,61137e5822916595d11572b511f3a97daa920b249bc879f62ea7c3886022cacf
410e8b46e8f50b9dbfc8d2c37358818722c9b9c2,docs/EDITORIAL_LINEAGE_DECISION_2026-08-06.md,docs/EDITORIAL_LINEAGE_DECISION_2026-08-06.md:L62#token-3,repository-text,R-07,historical-provenance,preserve-sha-bound-record,preserve,61137e5822916595d11572b511f3a97daa920b249bc879f62ea7c3886022cacf
410e8b46e8f50b9dbfc8d2c37358818722c9b9c2,docs/EDITORIAL_LINEAGE_DECISION_2026-08-06.md,docs/EDITORIAL_LINEAGE_DECISION_2026-08-06.md:L62#token-4,repository-text,R-06,historical-provenance,preserve-sha-bound-record,preserve,42f2f219243a23d91ba06a0351f13439fee848f5c26b2a32593c4d1b8ff37e2d
410e8b46e8f50b9dbfc8d2c37358818722c9b9c2,docs/EDITORIAL_LINEAGE_DECISION_2026-08-06.md,docs/EDITORIAL_LINEAGE_DECISION_2026-08-06.md:L82#token-1,repository-text,R-06,historical-provenance,preserve-sha-bound-record,preserve,8c2463e2b46c581f7092543248dc6aa2bd27a66c30a2d5ec7efed305165c56f9
410e8b46e8f50b9dbfc8d2c37358818722c9b9c2,docs/EDITORIAL_LINEAGE_DECISION_2026-08-06.md,docs/EDITORIAL_LINEAGE_DECISION_2026-08-06.md:L82#token-2,repository-text,R-07,historical-provenance,preserve-sha-bound-record,preserve,8c2463e2b46c581f7092543248dc6aa2bd27a66c30a2d5ec7efed305165c56f9
410e8b46e8f50b9dbfc8d2c37358818722c9b9c2,docs/ENTRY_LINEAGE_BASELINE_2026-08-06.md,docs/ENTRY_LINEAGE_BASELINE_2026-08-06.md:L49#token-1,repository-text,R-10,historical-provenance,preserve-sha-bound-record,preserve,25bc7d9e7e801408f9ac0a12867efe0bc1fd43d4967080eb8e8b4a1d20040042
410e8b46e8f50b9dbfc8d2c37358818722c9b9c2,docs/ENTRY_LINEAGE_BASELINE_2026-08-06.md,docs/ENTRY_LINEAGE_BASELINE_2026-08-06.md:L53#token-1,repository-text,R-10,historical-provenance,preserve-sha-bound-record,preserve,da6ad33cf6f507f24911fc130f96391644196762fdaff4a862e3754ed35d1a7a
410e8b46e8f50b9dbfc8d2c37358818722c9b9c2,docs/ENTRY_LINEAGE_BASELINE_2026-08-06.md,docs/ENTRY_LINEAGE_BASELINE_2026-08-06.md:L55#token-1,repository-text,R-10,historical-provenance,preserve-sha-bound-record,preserve,84516952ff0f2f8b403739058230710c7582fea099d18bb97da6960956eecd61
410e8b46e8f50b9dbfc8d2c37358818722c9b9c2,docs/ENTRY_LINEAGE_BASELINE_2026-08-06.md,docs/ENTRY_LINEAGE_BASELINE_2026-08-06.md:L57#token-1,repository-text,R-07,historical-provenance,preserve-sha-bound-record,preserve,0b712310af97ec860feca76170896e6bf2ae30defcbff98ed72732936a9775ce
410e8b46e8f50b9dbfc8d2c37358818722c9b9c2,docs/ENTRY_LINEAGE_BASELINE_2026-08-06.md,docs/ENTRY_LINEAGE_BASELINE_2026-08-06.md:L59#token-1,repository-text,R-10,historical-provenance,preserve-sha-bound-record,preserve,65a043e67a5881e0d4f5966ab4e25d95032341016c7a174c1ef92ee8e45a9651
410e8b46e8f50b9dbfc8d2c37358818722c9b9c2,docs/ENTRY_LINEAGE_BASELINE_2026-08-06.md,docs/ENTRY_LINEAGE_BASELINE_2026-08-06.md:L97#token-1,repository-text,R-07,historical-provenance,preserve-sha-bound-record,preserve,f33d9820d80d4e50906527450002e16a3ae11f45fe65c80892dd34de8312ee0d
410e8b46e8f50b9dbfc8d2c37358818722c9b9c2,docs/ENTRY_LINEAGE_BASELINE_2026-08-06.md,docs/ENTRY_LINEAGE_BASELINE_2026-08-06.md:L97#token-2,repository-text,R-10,historical-provenance,preserve-sha-bound-record,preserve,f33d9820d80d4e50906527450002e16a3ae11f45fe65c80892dd34de8312ee0d
410e8b46e8f50b9dbfc8d2c37358818722c9b9c2,docs/IDENTITY_AND_SCOPE.md,docs/IDENTITY_AND_SCOPE.md:L44#token-1,repository-text,R-06,competing-hypotheses,update-current-state-documentation,post-state wording,f952f1af262b8e676cf07f94afbb37ce57104e97a945fe5a2e7577366554bf54
410e8b46e8f50b9dbfc8d2c37358818722c9b9c2,docs/IDENTITY_AND_SCOPE.md,docs/IDENTITY_AND_SCOPE.md:L44#token-2,repository-text,R-07,competing-hypotheses,update-current-state-documentation,post-state wording,f952f1af262b8e676cf07f94afbb37ce57104e97a945fe5a2e7577366554bf54
410e8b46e8f50b9dbfc8d2c37358818722c9b9c2,docs/IDENTITY_AND_SCOPE.md,docs/IDENTITY_AND_SCOPE.md:L45#token-1,repository-text,R-07,source-of-truth,update-current-state-documentation,post-state wording,98434f4a967fe75d5abc5e38549d18ca342fc1e629603d0bb6ae006da8e36cd5
410e8b46e8f50b9dbfc8d2c37358818722c9b9c2,docs/IDENTITY_AND_SCOPE.md,docs/IDENTITY_AND_SCOPE.md:L45#token-2,repository-text,R-10,source-of-truth,update-current-state-documentation,post-state wording,98434f4a967fe75d5abc5e38549d18ca342fc1e629603d0bb6ae006da8e36cd5
410e8b46e8f50b9dbfc8d2c37358818722c9b9c2,docs/IDENTITY_AND_SCOPE.md,docs/IDENTITY_AND_SCOPE.md:L46#token-1,repository-text,R-10,historical-provenance,update-current-state-documentation,post-state wording,fc9d0cfb21d0720a4b727835b08c868dd3cc6e44d0b4936e508081b9d987d7d7
410e8b46e8f50b9dbfc8d2c37358818722c9b9c2,docs/IDENTITY_AND_SCOPE.md,docs/IDENTITY_AND_SCOPE.md:L50#token-1,repository-text,R-06,competing-hypotheses,update-current-state-documentation,post-state wording,34271dc4e5263432f082645f6d7b9b588594501983ebd19da28589904c063cca
410e8b46e8f50b9dbfc8d2c37358818722c9b9c2,docs/IDENTITY_AND_SCOPE.md,docs/IDENTITY_AND_SCOPE.md:L50#token-2,repository-text,R-07,competing-hypotheses,update-current-state-documentation,post-state wording,34271dc4e5263432f082645f6d7b9b588594501983ebd19da28589904c063cca
410e8b46e8f50b9dbfc8d2c37358818722c9b9c2,docs/IDENTITY_AND_SCOPE.md,docs/IDENTITY_AND_SCOPE.md:L51#token-1,repository-text,R-07,source-of-truth,update-current-state-documentation,post-state wording,79c43efa1e3f9fb423158547800ffde19b29b5857fb8a2f3ec45e4019dfb4e03
410e8b46e8f50b9dbfc8d2c37358818722c9b9c2,docs/IDENTITY_AND_SCOPE.md,docs/IDENTITY_AND_SCOPE.md:L51#token-2,repository-text,R-10,source-of-truth,update-current-state-documentation,post-state wording,79c43efa1e3f9fb423158547800ffde19b29b5857fb8a2f3ec45e4019dfb4e03
410e8b46e8f50b9dbfc8d2c37358818722c9b9c2,docs/IDENTITY_AND_SCOPE.md,docs/IDENTITY_AND_SCOPE.md:L78#token-1,repository-text,R-06,historical-provenance,update-current-state-documentation,post-state wording,bf956417a1381f1cd018245b4a8c0c13000c96ac283a9a1b86c3c7915cce45e6
410e8b46e8f50b9dbfc8d2c37358818722c9b9c2,docs/IDENTITY_AND_SCOPE.md,docs/IDENTITY_AND_SCOPE.md:L78#token-2,repository-text,R-07,historical-provenance,update-current-state-documentation,post-state wording,bf956417a1381f1cd018245b4a8c0c13000c96ac283a9a1b86c3c7915cce45e6
410e8b46e8f50b9dbfc8d2c37358818722c9b9c2,docs/IDENTITY_AND_SCOPE.md,docs/IDENTITY_AND_SCOPE.md:L78#token-3,repository-text,R-10,historical-provenance,update-current-state-documentation,post-state wording,bf956417a1381f1cd018245b4a8c0c13000c96ac283a9a1b86c3c7915cce45e6
410e8b46e8f50b9dbfc8d2c37358818722c9b9c2,index.html,index.html:L346#token-1,production-workspace,R-10,source-of-truth,replace-discrepancy-with-completion-record,preserve,285f861ca0bac29708bc6095a916114cb1adea7cdbb0a12e92393d629b72c8bb
410e8b46e8f50b9dbfc8d2c37358818722c9b9c2,index.html,index.html:L346#token-2,production-workspace,R-10,source-of-truth,replace-discrepancy-with-completion-record,preserve,47179ddcd644bb53d336f24515a8146ca9754512b13783a2c6015b607eac3c83
410e8b46e8f50b9dbfc8d2c37358818722c9b9c2,index.html,index.html:L346#token-3,production-workspace,R-07,source-of-truth,replace-discrepancy-with-completion-record,preserve,5778d5568a9f6698aece43ba99238331e19bbb87fd3607d312cda2d976ca3893
410e8b46e8f50b9dbfc8d2c37358818722c9b9c2,index.html,index.html:L346#token-4,production-workspace,R-10,historical-provenance,replace-discrepancy-with-completion-record,preserve,13ed7e43ab60d30a1b0035fdceb85e30be3f4f9a48069fd4b843c62b1a4b182f
410e8b46e8f50b9dbfc8d2c37358818722c9b9c2,index.html,index.html:L346#token-5,production-workspace,R-07,historical-provenance,replace-discrepancy-with-completion-record,preserve,1f7390635877325e2e9990f989755fa337a888f7e01fcce6be354f484b2b52a8
410e8b46e8f50b9dbfc8d2c37358818722c9b9c2,index.html,index.html:L346#token-6,production-workspace,R-10,historical-provenance,replace-discrepancy-with-completion-record,preserve,e518757764dc3a46748d4eb59134dbf9303ec946baecc3d8ca242c1718aba04e
410e8b46e8f50b9dbfc8d2c37358818722c9b9c2,index.html,index.html:L366#token-1,production-workspace,R-10,source-of-truth,remove-completed-pending-state,remove,fafb4abbeede2efea3d9e8082f1ce813790fadb282f0fcfa5aa7b0cbd589888b
410e8b46e8f50b9dbfc8d2c37358818722c9b9c2,index.html,index.html:L366#token-2,production-workspace,R-07,source-of-truth,remove-completed-pending-state,remove,f839c83456a5dd8b029e3007a917ff4ece09fcf2f91a3e1f617d1944b7c179d7
410e8b46e8f50b9dbfc8d2c37358818722c9b9c2,index.html,index.html:L422#token-1,production-workspace,R-10,historical-provenance,rewrite-rationale-as-completed,preserve,98548bdf52046bd4583d9c7c64e225b711dd77552090db43144044fde97fb489
410e8b46e8f50b9dbfc8d2c37358818722c9b9c2,index.html,index.html:L631#token-1,production-workspace,R-06,competing-hypotheses,replace-semantic-reference,R-07,34a37cf2128fb52843d1b864ba3bd7f75a0632cf3fee3d6d812c3d542e535459
410e8b46e8f50b9dbfc8d2c37358818722c9b9c2,index.html,index.html:L654#token-1,production-workspace,R-10,historical-provenance,remove-completed-pending-state,remove,78b6b48150f41f2293ab28e2b0428d120113c364dd2f0d91a98702f0f4e60e42
410e8b46e8f50b9dbfc8d2c37358818722c9b9c2,index.html,index.html:L657#token-1,production-workspace,R-10,historical-provenance,remove-completed-pending-state,remove,289949a5fb3a52634a228cf806f2787cb4e6ffb99b39e8ff92cfbe565fe393ad
410e8b46e8f50b9dbfc8d2c37358818722c9b9c2,index.html,index.html:L664#token-1,production-workspace,R-07,source-of-truth,remove-completed-pending-state,remove,390451ffd3b5cf442d8fd27538640f3bb8f8e989775ada5d42fd223d42379a68
410e8b46e8f50b9dbfc8d2c37358818722c9b9c2,index.html,index.html:L664#token-2,production-workspace,R-07,competing-hypotheses,remove-completed-pending-state,remove,d9b82564d54a870a1faaf7d642390d659b8a52c1bc05816b218ca9ac02ee2ed3
410e8b46e8f50b9dbfc8d2c37358818722c9b9c2,index.html,index.html:L664#token-3,production-workspace,R-10,source-of-truth,remove-completed-pending-state,remove,db72d189d9b89243fad9561ba90c3cdb1090c7a62b469fc3c20cf3b9f2aab2a7
410e8b46e8f50b9dbfc8d2c37358818722c9b9c2,index.html,index.html:L664#token-4,production-workspace,R-06,competing-hypotheses,remove-completed-pending-state,remove,0aa660225d1e913f68197103dcd101e330ae76b55e1e73b9336c128f53d50389
410e8b46e8f50b9dbfc8d2c37358818722c9b9c2,index.html,index.html:L664#token-5,production-workspace,R-07,source-of-truth,remove-completed-pending-state,remove,b0d3ebe274f245e68d7727189b25f08074b5b84952049638b75586ee4456ab9a
410e8b46e8f50b9dbfc8d2c37358818722c9b9c2,index.html,index.html:L664#token-6,production-workspace,R-07,source-of-truth,remove-completed-pending-state,remove,bf9bf57856356413e49e915e80526fc0acff350a2a8864b3f906194b5c03bf17
410e8b46e8f50b9dbfc8d2c37358818722c9b9c2,index.html,index.html:L664#token-7,production-workspace,R-10,competing-hypotheses,remove-completed-pending-state,remove,4e0f5fa3b55ed0a24230da3442c0bd3e3832a4a8ba93cdf84112eb305b4133b3
410e8b46e8f50b9dbfc8d2c37358818722c9b9c2,index.html,index.html:L664#token-8,production-workspace,R-10,source-of-truth,remove-completed-pending-state,remove,76d07a35b6dd0b1e082e48ad27b760070556ad679234ad8b12a2c131e9e2121e
410e8b46e8f50b9dbfc8d2c37358818722c9b9c2,index.html,index.html:L665#token-1,production-workspace,R-07,source-of-truth,remove-completed-pending-state,remove,ef5fb605dbea87548dede139204884a79e02d636f31752338c62829bfab298d6
410e8b46e8f50b9dbfc8d2c37358818722c9b9c2,index.html,index.html:L665#token-2,production-workspace,R-10,source-of-truth,remove-completed-pending-state,remove,41f88ef4ac1b75cf42491577bde25638e984edd81aac9e3f1ba94bb53fb4fda4
410e8b46e8f50b9dbfc8d2c37358818722c9b9c2,index.html,index.html:L665#token-3,production-workspace,R-10,historical-provenance,remove-completed-pending-state,remove,03a2db8efb48cfa414a8a257810d6005061726533b9db00793aebb3624b30766
410e8b46e8f50b9dbfc8d2c37358818722c9b9c2,index.html,manual-page-076:L5304#token-1,search-metadata,r-07,competing-hypotheses,preserve-correct-reference,preserve,c8a904f490eff1849b6e99be033a5cc7464965ef4d804728b06302149e8433c6
410e8b46e8f50b9dbfc8d2c37358818722c9b9c2,index.html,manual-page-076:L5321#token-1,visible-text,R-07,competing-hypotheses,preserve-correct-reference,preserve,57e39b2bb33267abccdfd0388bdd3902ef06873012c413f47f31b84198be6cc9
410e8b46e8f50b9dbfc8d2c37358818722c9b9c2,index.html,manual-page-091:L6219#token-1,search-metadata,r-06,unrelated/other-entry,repair-failure-to-test-reference,R-05,6d6a7f97314fd8b489e603de640ba3686ced52092947ac17c938a9b983ccca7c
410e8b46e8f50b9dbfc8d2c37358818722c9b9c2,index.html,manual-page-091:L6219#token-2,search-metadata,r-06,unrelated/other-entry,repair-failure-to-test-reference,R-05,6c2244b8630f1e6239a89fed19de0df8affc2112ea58ab867a4f55e05eb399e5
410e8b46e8f50b9dbfc8d2c37358818722c9b9c2,index.html,manual-page-091:L6219#token-3,search-metadata,r-06,competing-hypotheses,replace-semantic-reference,R-07,0da73267d82a25d8a8ba6bb22bd6f52ee56deeb7afc9af1f0ab5aba6f72bd62f
410e8b46e8f50b9dbfc8d2c37358818722c9b9c2,index.html,manual-page-091:L6238#token-1,visible-text,R-06,unrelated/other-entry,repair-failure-to-test-reference,R-05,8514569854800407beb6245af283f5d5f6a86f9a726036b255857f5e9a43fbc9
410e8b46e8f50b9dbfc8d2c37358818722c9b9c2,index.html,manual-page-091:L6239#token-1,visible-text,R-06,unrelated/other-entry,repair-failure-to-test-reference,R-05,9936546a02d67dcf2767e2c5c0686a9eb1d3e0eadc2e093a29b02f2c64d259a8
410e8b46e8f50b9dbfc8d2c37358818722c9b9c2,index.html,manual-page-091:L6252#token-1,visible-text,R-06,competing-hypotheses,replace-semantic-reference,R-07,116d9b7832002f862aded72e3b521499138ff8b5361dbadf82d94f7ae3cbccca
410e8b46e8f50b9dbfc8d2c37358818722c9b9c2,index.html,manual-page-093:L6343#token-1,search-metadata,r-07,source-of-truth,replace-semantic-reference,R-10,7c980d7624de534538a5dbf0c964fb755e8a2bd3052586ae9cc674cbcc0beaa5
410e8b46e8f50b9dbfc8d2c37358818722c9b9c2,index.html,manual-page-093:L6385#token-1,visible-text,R-07,source-of-truth,replace-semantic-reference,R-10,3103fe9fd89de078c46277e2ea8f30b78d31cf1de2f40a7c2459fd990367f816
410e8b46e8f50b9dbfc8d2c37358818722c9b9c2,index.html,manual-page-101:L6820#token-1,search-metadata,r-06,unrelated/other-entry,repair-failure-to-test-reference,R-05,607a0d4bda57b6f50048da20a836d0ea7463c7e41cd183eb014b73812802ee38
410e8b46e8f50b9dbfc8d2c37358818722c9b9c2,index.html,manual-page-101:L6837#token-1,visible-text,R-06,unrelated/other-entry,repair-failure-to-test-reference,R-05,70956af41f52e687f51c83c3786d3d218622999ee2df892085dcd574e58e38b5
410e8b46e8f50b9dbfc8d2c37358818722c9b9c2,index.html,manual-page-105:L7090#token-1,search-metadata,r-06,unrelated/other-entry,repair-failure-to-test-reference,R-05,8bdbe6365049858234c09d9e6b782e2fb8c6f985552881e97a01ae12e656d822
410e8b46e8f50b9dbfc8d2c37358818722c9b9c2,index.html,manual-page-105:L7090#token-2,search-metadata,r-06,unrelated/other-entry,repair-failure-to-test-reference,R-05,b31fbb263762f89e995d92150764fd3c1fbe625e2b535262f14faa0c4339f2e6
410e8b46e8f50b9dbfc8d2c37358818722c9b9c2,index.html,manual-page-105:L7116#token-1,visible-text,R-06,unrelated/other-entry,repair-failure-to-test-reference,R-05,69c3b12d0fd00391fb30408c2504b0efc99d877f9a50b701d55f5e2ed69e9df5
410e8b46e8f50b9dbfc8d2c37358818722c9b9c2,index.html,manual-page-105:L7117#token-1,visible-text,R-06,unrelated/other-entry,repair-failure-to-test-reference,R-05,c6b6a3a642abdd076e04ebb2624ee2ce5de20549b85027ab5152da90f967e4f1
410e8b46e8f50b9dbfc8d2c37358818722c9b9c2,index.html,manual-page-267:L16661#token-1,search-metadata,r-06,competing-hypotheses,replace-semantic-reference,R-07,d49aa5b0389ad602b4ecc56e8f5cf1e706032817747fbc2404bcb4f13f087e47
410e8b46e8f50b9dbfc8d2c37358818722c9b9c2,index.html,manual-page-267:L16709#token-1,visible-text,R-06,competing-hypotheses,replace-semantic-reference,R-07,430ee4c54d2928696e134ed84a6ebf457129deddaa57bdbebe7f251d15f6682f
410e8b46e8f50b9dbfc8d2c37358818722c9b9c2,index.html,manual-page-307:L19035#token-1,search-metadata,r-06,unrelated/other-entry,repair-failure-to-test-reference,R-05,002f84d7bcd067d9f8adcc8808388f2430607d0eaf899981216a91f1f6e384ae
410e8b46e8f50b9dbfc8d2c37358818722c9b9c2,index.html,manual-page-307:L19068#token-1,visible-text,R-06,unrelated/other-entry,repair-failure-to-test-reference,R-05,c6d252d9a1a5e74d9edff45659759be1bfa1a108d5cfb186d46780c87c952cfb
410e8b46e8f50b9dbfc8d2c37358818722c9b9c2,tests/test_audit_editorial_lineage.py,tests/test_audit_editorial_lineage.py:L13#token-1,repository-text,R-10,source-of-truth,replace-pre-state-gate-with-post-state-gate,post-state assertion,7655df8bc52908cf232f6acd2dd2cc00dad991c456b11f66c88585cd230a4c42
410e8b46e8f50b9dbfc8d2c37358818722c9b9c2,tests/test_audit_editorial_lineage.py,tests/test_audit_editorial_lineage.py:L13#token-2,repository-text,R-07,source-of-truth,replace-pre-state-gate-with-post-state-gate,post-state assertion,295ff86f9aa87eaad3e0467b13acdce703612eaba68a8966299ee37225035fb7
410e8b46e8f50b9dbfc8d2c37358818722c9b9c2,tests/test_audit_editorial_lineage.py,tests/test_audit_editorial_lineage.py:L14#token-1,repository-text,R-10,competing-hypotheses,replace-pre-state-gate-with-post-state-gate,post-state assertion,7ca12a97ca8bca4c1e1489195affbcfe672ada84c064c64c2ad18f6e9675076a
410e8b46e8f50b9dbfc8d2c37358818722c9b9c2,tests/test_audit_editorial_lineage.py,tests/test_audit_editorial_lineage.py:L14#token-2,repository-text,R-07,competing-hypotheses,replace-pre-state-gate-with-post-state-gate,post-state assertion,29187deffd13cef23cc5137e86ca08ed3e732fe6fca678ae8719a0652cf2b264
410e8b46e8f50b9dbfc8d2c37358818722c9b9c2,tests/test_audit_editorial_lineage.py,tests/test_audit_editorial_lineage.py:L14#token-3,repository-text,R-10,competing-hypotheses,replace-pre-state-gate-with-post-state-gate,post-state assertion,0b83794c996037a4ac5c828808885f8cb413a2f051d9253e5c67c70fc36bb446
410e8b46e8f50b9dbfc8d2c37358818722c9b9c2,tests/test_audit_editorial_lineage.py,tests/test_audit_editorial_lineage.py:L14#token-4,repository-text,R-06,source-of-truth,replace-pre-state-gate-with-post-state-gate,post-state assertion,e6faea7049adb25b537ec60ee5cea05bcbe286d93ccb03d04c24926d38e962a2
410e8b46e8f50b9dbfc8d2c37358818722c9b9c2,tests/test_audit_editorial_lineage.py,tests/test_audit_editorial_lineage.py:L14#token-5,repository-text,R-07,source-of-truth,replace-pre-state-gate-with-post-state-gate,post-state assertion,d4d080aa6e1c09bc96ed1d78961d5e5380065e3262bc6ec473d4f2bf2f54825d
410e8b46e8f50b9dbfc8d2c37358818722c9b9c2,tests/test_audit_editorial_lineage.py,tests/test_audit_editorial_lineage.py:L15#token-1,repository-text,R-06,competing-hypotheses,replace-pre-state-gate-with-post-state-gate,post-state assertion,332df249ea270408807ded0a9c67714d913f119e62d04d04e4667b4a6cb1d381
410e8b46e8f50b9dbfc8d2c37358818722c9b9c2,tests/test_audit_editorial_lineage.py,tests/test_audit_editorial_lineage.py:L16#token-1,repository-text,R-07,source-of-truth,replace-pre-state-gate-with-post-state-gate,post-state assertion,fa64151bde836b94a09aa37a21c1a75a365757853f3d1de86bcf77849a04ae14
410e8b46e8f50b9dbfc8d2c37358818722c9b9c2,tests/test_audit_editorial_lineage.py,tests/test_audit_editorial_lineage.py:L37#token-1,repository-text,R-06,historical-provenance,replace-pre-state-gate-with-post-state-gate,post-state assertion,a16769391f61477bb18ea55ea47db8d67ef60cfedecd9c2fcfa3d95e4d40c103
410e8b46e8f50b9dbfc8d2c37358818722c9b9c2,tests/test_audit_editorial_lineage.py,tests/test_audit_editorial_lineage.py:L37#token-2,repository-text,R-07,historical-provenance,replace-pre-state-gate-with-post-state-gate,post-state assertion,a16769391f61477bb18ea55ea47db8d67ef60cfedecd9c2fcfa3d95e4d40c103
410e8b46e8f50b9dbfc8d2c37358818722c9b9c2,tests/test_audit_editorial_lineage.py,tests/test_audit_editorial_lineage.py:L38#token-1,repository-text,R-07,historical-provenance,replace-pre-state-gate-with-post-state-gate,post-state assertion,b1230376098a53d38802b4ccda214fc3d4a444bb790e0b1c44e429ee30cea474
410e8b46e8f50b9dbfc8d2c37358818722c9b9c2,tests/test_audit_editorial_lineage.py,tests/test_audit_editorial_lineage.py:L38#token-2,repository-text,R-10,historical-provenance,replace-pre-state-gate-with-post-state-gate,post-state assertion,b1230376098a53d38802b4ccda214fc3d4a444bb790e0b1c44e429ee30cea474
410e8b46e8f50b9dbfc8d2c37358818722c9b9c2,tests/test_audit_editorial_lineage.py,tests/test_audit_editorial_lineage.py:L41#token-1,repository-text,R-06,historical-provenance,replace-pre-state-gate-with-post-state-gate,post-state assertion,9f3dab6b7a930fc60e738939745972e328a120413f30dddd38408839ab31ca37
410e8b46e8f50b9dbfc8d2c37358818722c9b9c2,tests/test_audit_editorial_lineage.py,tests/test_audit_editorial_lineage.py:L42#token-1,repository-text,R-07,historical-provenance,replace-pre-state-gate-with-post-state-gate,post-state assertion,b5a4c96e915c82584cab979468c613fc3e781b9f0c02e986f2983a42ebc83e16
410e8b46e8f50b9dbfc8d2c37358818722c9b9c2,tests/test_audit_editorial_lineage.py,tests/test_audit_editorial_lineage.py:L43#token-1,repository-text,R-10,historical-provenance,replace-pre-state-gate-with-post-state-gate,post-state assertion,2a6f619a2caed2b0523fe6be77b0d0604e669c06df9a2e6f1c37ee4eae81e4f2
410e8b46e8f50b9dbfc8d2c37358818722c9b9c2,tests/test_audit_editorial_lineage.py,tests/test_audit_editorial_lineage.py:L44#token-1,repository-text,R-10,historical-provenance,replace-pre-state-gate-with-post-state-gate,post-state assertion,89d79420e0cd6f1eeb954c1452b407e453ae6811350dcec1a65a5577dc082655
410e8b46e8f50b9dbfc8d2c37358818722c9b9c2,tests/test_audit_editorial_lineage.py,tests/test_audit_editorial_lineage.py:L47#token-1,repository-text,R-06,competing-hypotheses,replace-pre-state-gate-with-post-state-gate,post-state assertion,2ec4bfadb0173006772c072cb83c24eea948ea24943934961affd5aca1e8fe81
410e8b46e8f50b9dbfc8d2c37358818722c9b9c2,tests/test_audit_editorial_lineage.py,tests/test_audit_editorial_lineage.py:L57#token-1,repository-text,R-06,historical-provenance,replace-pre-state-gate-with-post-state-gate,post-state assertion,82a04165a5df66b4ff6c477c68fb2c5893fa1f78ee34820d5a8c5c1563fe5315
410e8b46e8f50b9dbfc8d2c37358818722c9b9c2,tests/test_audit_editorial_lineage.py,tests/test_audit_editorial_lineage.py:L58#token-1,repository-text,R-10,historical-provenance,replace-pre-state-gate-with-post-state-gate,post-state assertion,c21bd59151215feb171726af7fd3a5a17344d67cc0529849b1bc1e68b0842943
410e8b46e8f50b9dbfc8d2c37358818722c9b9c2,tools/audit_editorial_lineage.py,tools/audit_editorial_lineage.py:L2#token-1,repository-text,R-06,historical-provenance,replace-pre-state-gate-with-post-state-gate,post-state assertion,9cc5336544e3a6c699b49834af5fb513f49a135df3109be656a60321edbc92ec
410e8b46e8f50b9dbfc8d2c37358818722c9b9c2,tools/audit_editorial_lineage.py,tools/audit_editorial_lineage.py:L2#token-2,repository-text,R-07,historical-provenance,replace-pre-state-gate-with-post-state-gate,post-state assertion,9cc5336544e3a6c699b49834af5fb513f49a135df3109be656a60321edbc92ec
410e8b46e8f50b9dbfc8d2c37358818722c9b9c2,tools/audit_editorial_lineage.py,tools/audit_editorial_lineage.py:L2#token-3,repository-text,R-10,historical-provenance,replace-pre-state-gate-with-post-state-gate,post-state assertion,9cc5336544e3a6c699b49834af5fb513f49a135df3109be656a60321edbc92ec
410e8b46e8f50b9dbfc8d2c37358818722c9b9c2,tools/audit_editorial_lineage.py,tools/audit_editorial_lineage.py:L23#token-1,repository-text,R-06,historical-provenance,replace-pre-state-gate-with-post-state-gate,post-state assertion,8ec7abb7d7317a54e0bdcb430acbfbcb5c6afe04349f070c3b1a180194f437e2
410e8b46e8f50b9dbfc8d2c37358818722c9b9c2,tools/audit_editorial_lineage.py,tools/audit_editorial_lineage.py:L23#token-2,repository-text,R-07,historical-provenance,replace-pre-state-gate-with-post-state-gate,post-state assertion,8ec7abb7d7317a54e0bdcb430acbfbcb5c6afe04349f070c3b1a180194f437e2
410e8b46e8f50b9dbfc8d2c37358818722c9b9c2,tools/audit_editorial_lineage.py,tools/audit_editorial_lineage.py:L23#token-3,repository-text,R-10,historical-provenance,replace-pre-state-gate-with-post-state-gate,post-state assertion,8ec7abb7d7317a54e0bdcb430acbfbcb5c6afe04349f070c3b1a180194f437e2
410e8b46e8f50b9dbfc8d2c37358818722c9b9c2,tools/audit_editorial_lineage.py,tools/audit_editorial_lineage.py:L154#token-1,repository-text,R-06,historical-provenance,replace-pre-state-gate-with-post-state-gate,post-state assertion,8bdd8eb7ba8f6bebaa5df8779e14047ff082cf7ae6492a584fe59ab290ebb155
410e8b46e8f50b9dbfc8d2c37358818722c9b9c2,tools/audit_editorial_lineage.py,tools/audit_editorial_lineage.py:L159#token-1,repository-text,R-07,historical-provenance,replace-pre-state-gate-with-post-state-gate,post-state assertion,44c734250fff7cc61843d5e83abd1780347b497a1b29530140f40a1328d221aa
410e8b46e8f50b9dbfc8d2c37358818722c9b9c2,tools/audit_editorial_lineage.py,tools/audit_editorial_lineage.py:L164#token-1,repository-text,R-10,historical-provenance,replace-pre-state-gate-with-post-state-gate,post-state assertion,0da8d0dc9713a710b67022f872030d4a4774240038019fe11a701ebf11e35f52
410e8b46e8f50b9dbfc8d2c37358818722c9b9c2,tools/audit_editorial_lineage.py,tools/audit_editorial_lineage.py:L170#token-1,repository-text,R-10,historical-provenance,replace-pre-state-gate-with-post-state-gate,post-state assertion,f2a265e794a28b1034a7d06c9d49c362a1c607763b3815b9be42d1e7dbe324b9
410e8b46e8f50b9dbfc8d2c37358818722c9b9c2,tools/audit_editorial_lineage.py,tools/audit_editorial_lineage.py:L174#token-1,repository-text,r-07,competing-hypotheses,replace-pre-state-gate-with-post-state-gate,post-state assertion,c6a2ae7bb10edead562626179160ff8b9fde6f373a250d65c02d408f2e7c115a
410e8b46e8f50b9dbfc8d2c37358818722c9b9c2,tools/audit_editorial_lineage.py,tools/audit_editorial_lineage.py:L175#token-1,repository-text,r-10,source-of-truth,replace-pre-state-gate-with-post-state-gate,post-state assertion,f7c7f2c293ea833e0848541d4a3d3e45c6c198a146fe10ad1000306561694010
410e8b46e8f50b9dbfc8d2c37358818722c9b9c2,tools/audit_editorial_lineage.py,tools/audit_editorial_lineage.py:L193#token-1,repository-text,R-06,competing-hypotheses,replace-pre-state-gate-with-post-state-gate,post-state assertion,15e7605cc4314dc2109121e259db602cfaa76a96500e45dfdaa00b4972c920c1
410e8b46e8f50b9dbfc8d2c37358818722c9b9c2,tools/audit_editorial_lineage.py,tools/audit_editorial_lineage.py:L193#token-2,repository-text,R-07,competing-hypotheses,replace-pre-state-gate-with-post-state-gate,post-state assertion,15e7605cc4314dc2109121e259db602cfaa76a96500e45dfdaa00b4972c920c1
410e8b46e8f50b9dbfc8d2c37358818722c9b9c2,tools/audit_editorial_lineage.py,tools/audit_editorial_lineage.py:L193#token-3,repository-text,R-07,source-of-truth,replace-pre-state-gate-with-post-state-gate,post-state assertion,9f79de95ebd5ad8ac096aa811efc5a4b34cf3faf5c674e9f686395b16a5e4f19
410e8b46e8f50b9dbfc8d2c37358818722c9b9c2,tools/audit_editorial_lineage.py,tools/audit_editorial_lineage.py:L193#token-4,repository-text,R-10,source-of-truth,replace-pre-state-gate-with-post-state-gate,post-state assertion,3a0c878a7da98aa41e569fad27120c27e2347837ca131b8bbd0c6e037dcdad32
410e8b46e8f50b9dbfc8d2c37358818722c9b9c2,tools/audit_editorial_lineage.py,tools/audit_editorial_lineage.py:L194#token-1,repository-text,R-10,historical-provenance,replace-pre-state-gate-with-post-state-gate,post-state assertion,269590472d89b2c9ef4befbe9b65fc02edad26620ce2a7989a0c4c215ce32f30
410e8b46e8f50b9dbfc8d2c37358818722c9b9c2,tools/audit_editorial_lineage.py,tools/audit_editorial_lineage.py:L194#token-2,repository-text,R-10,historical-provenance,replace-pre-state-gate-with-post-state-gate,post-state assertion,ad86c4d4e271c191f937332fef02cc6249cc5d874949a3ff9a2b50c302c3d525
410e8b46e8f50b9dbfc8d2c37358818722c9b9c2,tools/audit_editorial_lineage.py,tools/audit_editorial_lineage.py:L196#token-1,repository-text,R-06,historical-provenance,replace-pre-state-gate-with-post-state-gate,post-state assertion,87410932219fc445729ffaec189d007b5e8e66df7d8795007497a26cc75d00c9
410e8b46e8f50b9dbfc8d2c37358818722c9b9c2,tools/audit_editorial_lineage.py,tools/audit_editorial_lineage.py:L196#token-2,repository-text,R-07,historical-provenance,replace-pre-state-gate-with-post-state-gate,post-state assertion,87410932219fc445729ffaec189d007b5e8e66df7d8795007497a26cc75d00c9
410e8b46e8f50b9dbfc8d2c37358818722c9b9c2,tools/audit_editorial_lineage.py,tools/audit_editorial_lineage.py:L196#token-3,repository-text,R-10,historical-provenance,replace-pre-state-gate-with-post-state-gate,post-state assertion,87410932219fc445729ffaec189d007b5e8e66df7d8795007497a26cc75d00c9
410e8b46e8f50b9dbfc8d2c37358818722c9b9c2,tools/audit_editorial_lineage.py,tools/audit_editorial_lineage.py:L230#token-1,repository-text,R-06,historical-provenance,replace-pre-state-gate-with-post-state-gate,post-state assertion,6d8bde0a8654c37b9e93f35dc167b5af068f1fbdc2410e5a9d2e17a3d7f2e3bd
410e8b46e8f50b9dbfc8d2c37358818722c9b9c2,tools/audit_editorial_lineage.py,tools/audit_editorial_lineage.py:L230#token-2,repository-text,R-07,historical-provenance,replace-pre-state-gate-with-post-state-gate,post-state assertion,6d8bde0a8654c37b9e93f35dc167b5af068f1fbdc2410e5a9d2e17a3d7f2e3bd
410e8b46e8f50b9dbfc8d2c37358818722c9b9c2,tools/audit_editorial_lineage.py,tools/audit_editorial_lineage.py:L230#token-3,repository-text,R-10,historical-provenance,replace-pre-state-gate-with-post-state-gate,post-state assertion,6d8bde0a8654c37b9e93f35dc167b5af068f1fbdc2410e5a9d2e17a3d7f2e3bd
410e8b46e8f50b9dbfc8d2c37358818722c9b9c2,tools/audit_editorial_lineage.py,tools/audit_editorial_lineage.py:L245#token-1,repository-text,R-06,historical-provenance,replace-pre-state-gate-with-post-state-gate,post-state assertion,e91b8097ed05143736b762fda50ae50f6dffd2cea0514e8290dcc7a6c2b25346
410e8b46e8f50b9dbfc8d2c37358818722c9b9c2,tools/audit_editorial_lineage.py,tools/audit_editorial_lineage.py:L245#token-2,repository-text,R-07,historical-provenance,replace-pre-state-gate-with-post-state-gate,post-state assertion,e91b8097ed05143736b762fda50ae50f6dffd2cea0514e8290dcc7a6c2b25346
410e8b46e8f50b9dbfc8d2c37358818722c9b9c2,tools/audit_editorial_lineage.py,tools/audit_editorial_lineage.py:L245#token-3,repository-text,R-10,historical-provenance,replace-pre-state-gate-with-post-state-gate,post-state assertion,e91b8097ed05143736b762fda50ae50f6dffd2cea0514e8290dcc7a6c2b25346
